[
	{
		"model": "permission.permissionmask",
		"pk": 1,
		"fields": {
			"rank": 0,
			"description": "Droits basiques"
		}
	},
	{
		"model": "permission.permissionmask",
		"pk": 2,
		"fields": {
			"rank": 1,
			"description": "Droits note seulement"
		}
	},
	{
		"model": "permission.permissionmask",
		"pk": 3,
		"fields": {
			"rank": 42,
			"description": "Tous mes droits"
		}
	},
	{
		"model": "permission.permission",
		"pk": 1,
		"fields": {
			"model": [
				"auth",
				"user"
			],
			"query": "{\"pk\": [\"user\", \"pk\"]}",
			"type": "view",
			"mask": 1,
			"field": "",
			"permanent": true,
			"description": "Voir son compte utilisateur"
		}
	},
	{
		"model": "permission.permission",
		"pk": 2,
		"fields": {
			"model": [
				"member",
				"profile"
			],
			"query": "{\"user\": [\"user\"]}",
			"type": "view",
			"mask": 1,
			"field": "",
			"permanent": true,
			"description": "Voir son profil"
		}
	},
	{
		"model": "permission.permission",
		"pk": 3,
		"fields": {
			"model": [
				"note",
				"note"
			],
			"query": "{\"pk\": [\"user\", \"note\", \"pk\"]}",
			"type": "view",
			"mask": 1,
			"field": "",
			"permanent": true,
			"description": "Voir sa propre note d'utilisateur"
		}
	},
	{
		"model": "permission.permission",
		"pk": 4,
		"fields": {
			"model": [
				"authtoken",
				"token"
			],
			"query": "{\"user\": [\"user\"]}",
			"type": "view",
			"mask": 1,
			"field": "",
			"permanent": true,
			"description": "Voir son jeton d'authentification à l'API"
		}
	},
	{
		"model": "permission.permission",
		"pk": 5,
		"fields": {
			"model": [
				"note",
				"transaction"
			],
			"query": "[\"OR\", {\"source\": [\"user\", \"note\"]}, {\"destination\": [\"user\", \"note\"]}]",
			"type": "view",
			"mask": 1,
			"field": "",
			"permanent": true,
			"description": "Voir ses propres transactions"
		}
	},
	{
		"model": "permission.permission",
		"pk": 6,
		"fields": {
			"model": [
				"note",
				"alias"
			],
			"query": "[\"AND\", [\"OR\", {\"note__noteuser__user__memberships__club__name\": \"BDE\", \"note__noteuser__user__memberships__date_start__lte\": [\"today\"], \"note__noteuser__user__memberships__date_end__gte\": [\"today\"]}, {\"note__noteclub__isnull\": false}], {\"note__is_active\": true}]",
			"type": "view",
			"mask": 1,
			"field": "",
			"permanent": false,
			"description": "Voir les aliases des notes des clubs et des adhérents du club BDE"
		}
	},
	{
		"model": "permission.permission",
		"pk": 7,
		"fields": {
			"model": [
				"auth",
				"user"
			],
			"query": "{\"pk\": [\"user\", \"pk\"]}",
			"type": "change",
			"mask": 1,
			"field": "last_login",
			"permanent": true,
			"description": "Modifier sa propre date de dernière connexion"
		}
	},
	{
		"model": "permission.permission",
		"pk": 8,
		"fields": {
			"model": [
				"auth",
				"user"
			],
			"query": "{\"pk\": [\"user\", \"pk\"]}",
			"type": "change",
			"mask": 1,
			"field": "username",
			"permanent": true,
			"description": "Changer son propre pseudo"
		}
	},
	{
		"model": "permission.permission",
		"pk": 9,
		"fields": {
			"model": [
				"auth",
				"user"
			],
			"query": "{\"pk\": [\"user\", \"pk\"]}",
			"type": "change",
			"mask": 1,
			"field": "first_name",
			"permanent": true,
			"description": "Changer son propre prénom"
		}
	},
	{
		"model": "permission.permission",
		"pk": 10,
		"fields": {
			"model": [
				"auth",
				"user"
			],
			"query": "{\"pk\": [\"user\", \"pk\"]}",
			"type": "change",
			"mask": 1,
			"field": "last_name",
			"permanent": true,
			"description": "Changer son propre nom de famille"
		}
	},
	{
		"model": "permission.permission",
		"pk": 11,
		"fields": {
			"model": [
				"auth",
				"user"
			],
			"query": "{\"pk\": [\"user\", \"pk\"]}",
			"type": "change",
			"mask": 1,
			"field": "email",
			"permanent": true,
			"description": "Changer sa propre adresse e-mail"
		}
	},
	{
		"model": "permission.permission",
		"pk": 12,
		"fields": {
			"model": [
				"authtoken",
				"token"
			],
			"query": "{\"user\": [\"user\"]}",
			"type": "delete",
			"mask": 1,
			"field": "",
			"permanent": true,
			"description": "Supprimer son jeton d'authentification à l'API"
		}
	},
	{
		"model": "permission.permission",
		"pk": 13,
		"fields": {
			"model": [
				"authtoken",
				"token"
			],
			"query": "{\"user\": [\"user\"]}",
			"type": "add",
			"mask": 1,
			"field": "",
			"permanent": true,
			"description": "Créer un jeton d'authentification à l'API"
		}
	},
	{
		"model": "permission.permission",
		"pk": 14,
		"fields": {
			"model": [
				"note",
				"alias"
			],
			"query": "{\"note\": [\"user\", \"note\"]}",
			"type": "delete",
			"mask": 1,
			"field": "",
			"permanent": false,
			"description": "Supprimer un alias à sa note"
		}
	},
	{
		"model": "permission.permission",
		"pk": 15,
		"fields": {
			"model": [
				"note",
				"alias"
			],
			"query": "{\"note\": [\"user\", \"note\"]}",
			"type": "add",
			"mask": 1,
			"field": "",
			"permanent": false,
			"description": "Ajouter un alias à sa note"
		}
	},
	{
		"model": "permission.permission",
		"pk": 16,
		"fields": {
			"model": [
				"note",
				"noteuser"
			],
			"query": "{\"pk\": [\"user\", \"note\", \"pk\"]}",
			"type": "change",
			"mask": 1,
			"field": "display_image",
			"permanent": false,
			"description": "Changer l'image de sa note"
		}
	},
	{
		"model": "permission.permission",
		"pk": 17,
		"fields": {
			"model": [
				"note",
				"transaction"
			],
			"query": "[\"AND\", {\"source\": [\"user\", \"note\"]}, [\"OR\", {\"source__balance__gte\": {\"F\": [\"MUL\", [\"F\", \"amount\"], [\"F\", \"quantity\"]]}}, {\"valid\": false}]]",
			"type": "add",
			"mask": 1,
			"field": "",
			"permanent": false,
			"description": "Transférer de l'argent depuis sa propre note en restant positif"
		}
	},
	{
		"model": "permission.permission",
		"pk": 19,
		"fields": {
			"model": [
				"note",
				"note"
			],
			"query": "[\"OR\", {\"pk\": [\"club\", \"note\", \"pk\"]}, {\"noteuser__user__memberships__club\": [\"club\"], \"noteuser__user__memberships__date_start__lte\": [\"today\"], \"noteuser__user__memberships__date_end__gte\": [\"today\"]}]",
			"type": "view",
			"mask": 2,
			"field": "",
			"permanent": false,
			"description": "Voir les notes des membres du club"
		}
	},
	{
		"model": "permission.permission",
		"pk": 20,
		"fields": {
			"model": [
				"note",
				"transaction"
			],
			"query": "[\"AND\", [\"OR\", {\"source\": [\"club\", \"note\"]}, {\"destination\": [\"club\", \"note\"]}], [\"OR\", {\"source__balance__gte\": {\"F\": [\"SUB\", [\"MUL\", [\"F\", \"amount\"], [\"F\", \"quantity\"]], 5000]}}, {\"valid\": false}]]",
			"type": "add",
			"mask": 2,
			"field": "",
			"permanent": false,
			"description": "Créer une transaction de ou vers la note d'un club"
		}
	},
	{
		"model": "permission.permission",
		"pk": 21,
		"fields": {
			"model": [
				"note",
				"recurrenttransaction"
			],
			"query": "[\"AND\", {\"destination\": [\"club\", \"note\"]}, [\"OR\", {\"source__balance__gte\": {\"F\": [\"SUB\", [\"MUL\", [\"F\", \"amount\"], [\"F\", \"quantity\"]], 5000]}}, {\"valid\": false}]]",
			"type": "add",
			"mask": 2,
			"field": "",
			"permanent": false,
			"description": "Créer une transaction en appuyant sur un bouton lié à un club"
		}
	},
	{
		"model": "permission.permission",
		"pk": 22,
		"fields": {
			"model": [
				"member",
				"club"
			],
			"query": "{\"pk\": [\"club\", \"pk\"]}",
			"type": "view",
			"mask": 1,
			"field": "",
			"permanent": false,
			"description": "Voir les informations d'un club"
		}
	},
	{
		"model": "permission.permission",
		"pk": 23,
		"fields": {
			"model": [
				"note",
				"transaction"
			],
			"query": "{}",
			"type": "change",
			"mask": 1,
			"field": "valid",
			"permanent": false,
			"description": "Mettre à jour le statut de validation d'une transaction"
		}
	},
	{
		"model": "permission.permission",
		"pk": 24,
		"fields": {
			"model": [
				"note",
				"transaction"
			],
			"query": "{}",
			"type": "view",
			"mask": 2,
			"field": "",
			"permanent": false,
			"description": "Voir toutes les transactions"
		}
	},
	{
		"model": "permission.permission",
		"pk": 25,
		"fields": {
			"model": [
				"note",
				"notespecial"
			],
			"query": "{}",
			"type": "view",
			"mask": 2,
			"field": "",
			"permanent": false,
			"description": "Afficher l'interface crédit/retrait"
		}
	},
	{
		"model": "permission.permission",
		"pk": 26,
		"fields": {
			"model": [
				"note",
				"specialtransaction"
			],
			"query": "{}",
			"type": "add",
			"mask": 2,
			"field": "",
			"permanent": false,
			"description": "Créer un crédit ou un retrait quelconque"
		}
	},
	{
		"model": "permission.permission",
		"pk": 27,
		"fields": {
			"model": [
				"note",
				"templatecategory"
			],
			"query": "{}",
			"type": "view",
			"mask": 2,
			"field": "",
			"permanent": false,
			"description": "Voir toutes les catégories de boutons"
		}
	},
	{
		"model": "permission.permission",
		"pk": 28,
		"fields": {
			"model": [
				"note",
				"templatecategory"
			],
			"query": "{}",
			"type": "change",
			"mask": 3,
			"field": "",
			"permanent": false,
			"description": "Changer une catégorie de boutons"
		}
	},
	{
		"model": "permission.permission",
		"pk": 29,
		"fields": {
			"model": [
				"note",
				"templatecategory"
			],
			"query": "{}",
			"type": "add",
			"mask": 3,
			"field": "",
			"permanent": false,
			"description": "Créer une catégorie de boutons"
		}
	},
	{
		"model": "permission.permission",
		"pk": 30,
		"fields": {
			"model": [
				"note",
				"transactiontemplate"
			],
			"query": "{}",
			"type": "view",
			"mask": 2,
			"field": "",
			"permanent": false,
			"description": "Voir tous les boutons"
		}
	},
	{
		"model": "permission.permission",
		"pk": 31,
		"fields": {
			"model": [
				"note",
				"transactiontemplate"
			],
			"query": "{}",
			"type": "add",
			"mask": 3,
			"field": "",
			"permanent": false,
			"description": "Ajouter un bouton"
		}
	},
	{
		"model": "permission.permission",
		"pk": 32,
		"fields": {
			"model": [
				"note",
				"transactiontemplate"
			],
			"query": "{}",
			"type": "change",
			"mask": 3,
			"field": "",
			"permanent": false,
			"description": "Modifier un bouton"
		}
	},
	{
		"model": "permission.permission",
		"pk": 33,
		"fields": {
			"model": [
				"note",
				"transaction"
			],
			"query": "{}",
			"type": "add",
			"mask": 2,
			"field": "",
			"permanent": false,
			"description": "Créer n'importe quelle transaction"
		}
	},
	{
		"model": "permission.permission",
		"pk": 34,
		"fields": {
			"model": [
				"activity",
				"activity"
			],
			"query": "[\"OR\", {\"valid\": true}, {\"creater\": [\"user\"]}]",
			"type": "view",
			"mask": 1,
			"field": "",
			"permanent": false,
			"description": "Voir toutes les activités valides"
		}
	},
	{
		"model": "permission.permission",
		"pk": 36,
		"fields": {
			"model": [
				"activity",
				"activity"
			],
			"query": "{\"creater\": [\"user\"], \"valid\": false}",
			"type": "add",
			"mask": 1,
			"field": "",
			"permanent": false,
			"description": "Proposer des activités"
		}
	},
	{
		"model": "permission.permission",
		"pk": 37,
		"fields": {
			"model": [
				"activity",
				"activity"
			],
			"query": "{}",
			"type": "change",
			"mask": 2,
			"field": "valid",
			"permanent": false,
			"description": "Valider des activités"
		}
	},
	{
		"model": "permission.permission",
		"pk": 38,
		"fields": {
			"model": [
				"activity",
				"activity"
			],
			"query": "{}",
			"type": "change",
			"mask": 2,
			"field": "open",
			"permanent": false,
			"description": "Ouvrir des activités"
		}
	},
	{
		"model": "permission.permission",
		"pk": 39,
		"fields": {
			"model": [
				"activity",
				"guest"
			],
			"query": "{\"inviter\": [\"user\", \"note\"], \"activity__activity_type__can_invite\": true}",
			"type": "add",
			"mask": 1,
			"field": "",
			"permanent": false,
			"description": "Inviter des personnes à des activités"
		}
	},
	{
		"model": "permission.permission",
		"pk": 40,
		"fields": {
			"model": [
				"activity",
				"guest"
			],
			"query": "{\"inviter\": [\"user\", \"note\"]}",
			"type": "view",
			"mask": 1,
			"field": "",
			"permanent": true,
			"description": "Voir les personnes qu'on a invitées"
		}
	},
	{
		"model": "permission.permission",
		"pk": 41,
		"fields": {
			"model": [
				"activity",
				"activity"
			],
			"query": "{}",
			"type": "view",
			"mask": 2,
			"field": "",
			"permanent": false,
			"description": "Voir toutes les activités"
		}
	},
	{
		"model": "permission.permission",
		"pk": 42,
		"fields": {
			"model": [
				"activity",
				"guest"
			],
			"query": "{}",
			"type": "view",
			"mask": 2,
			"field": "",
			"permanent": false,
			"description": "Voir toutes les personnes invitées"
		}
	},
	{
		"model": "permission.permission",
		"pk": 43,
		"fields": {
			"model": [
				"activity",
				"entry"
			],
			"query": "{\"activity__open\": true}",
			"type": "add",
			"mask": 2,
			"field": "",
			"permanent": false,
			"description": "Gérer les entrées d'une activité ouverte"
		}
	},
	{
		"model": "permission.permission",
		"pk": 44,
		"fields": {
			"model": [
				"activity",
				"guesttransaction"
			],
			"query": "{}",
			"type": "add",
			"mask": 2,
			"field": "",
			"permanent": false,
			"description": "Créer une transaction d'invitation"
		}
	},
	{
		"model": "permission.permission",
		"pk": 45,
		"fields": {
			"model": [
				"activity",
				"guesttransaction"
			],
			"query": "{}",
			"type": "view",
			"mask": 1,
			"field": "",
			"permanent": false,
			"description": "Voir toutes les transactions d'invitation"
		}
	},
	{
		"model": "permission.permission",
		"pk": 46,
		"fields": {
			"model": [
				"activity",
				"guesttransaction"
			],
			"query": "{}",
			"type": "change",
			"mask": 2,
			"field": "valid",
			"permanent": false,
			"description": "Valider les transactions d'invitation"
		}
	},
	{
		"model": "permission.permission",
		"pk": 47,
		"fields": {
			"model": [
				"member",
				"club"
			],
			"query": "{\"pk\": [\"club\", \"pk\"]}",
			"type": "change",
			"mask": 1,
			"field": "",
			"permanent": false,
			"description": "Modifier un club"
		}
	},
	{
		"model": "permission.permission",
		"pk": 48,
		"fields": {
			"model": [
				"member",
				"membership"
			],
			"query": "{\"user\": [\"user\"]}",
			"type": "view",
			"mask": 1,
			"field": "",
			"permanent": true,
			"description": "Voir mes adhésions"
		}
	},
	{
		"model": "permission.permission",
		"pk": 49,
		"fields": {
			"model": [
				"member",
				"membership"
			],
			"query": "{\"club\": [\"club\"]}",
			"type": "view",
			"mask": 3,
			"field": "",
			"permanent": false,
			"description": "Voir les adhérents du club"
		}
	},
	{
		"model": "permission.permission",
		"pk": 50,
		"fields": {
			"model": [
				"member",
				"membership"
			],
			"query": "{\"club\": [\"club\"]}",
			"type": "add",
			"mask": 2,
			"field": "",
			"permanent": false,
			"description": "Ajouter un membre à un club"
		}
	},
	{
		"model": "permission.permission",
		"pk": 51,
		"fields": {
			"model": [
				"member",
				"membership"
			],
			"query": "{}",
			"type": "change",
			"mask": 3,
			"field": "roles",
			"permanent": false,
			"description": "Modifier les rôles d'une adhésion"
		}
	},
	{
		"model": "permission.permission",
		"pk": 52,
		"fields": {
			"model": [
				"member",
				"profile"
			],
			"query": "{\"user\": [\"user\"]}",
			"type": "change",
			"mask": 1,
			"field": "",
			"permanent": true,
			"description": "Modifier son profil"
		}
	},
	{
		"model": "permission.permission",
		"pk": 53,
		"fields": {
			"model": [
				"member",
				"profile"
			],
			"query": "{}",
			"type": "change",
			"mask": 3,
			"field": "",
			"permanent": false,
			"description": "Modifier n'importe quel profil"
		}
	},
	{
		"model": "permission.permission",
		"pk": 54,
		"fields": {
			"model": [
				"auth",
				"user"
			],
			"query": "{}",
			"type": "change",
			"mask": 3,
			"field": "",
			"permanent": false,
			"description": "Modifier n'importe quel utilisateur"
		}
	},
	{
		"model": "permission.permission",
		"pk": 55,
		"fields": {
			"model": [
				"auth",
				"user"
			],
			"query": "{}",
			"type": "add",
			"mask": 1,
			"field": "",
			"permanent": false,
			"description": "Ajouter un utilisateur"
		}
	},
	{
		"model": "permission.permission",
		"pk": 56,
		"fields": {
			"model": [
				"member",
				"profile"
			],
			"query": "{\"email_confirmed\": false, \"registration_valid\": false}",
			"type": "add",
			"mask": 1,
			"field": "",
			"permanent": false,
			"description": "Ajouter un profil"
		}
	},
	{
		"model": "permission.permission",
		"pk": 57,
		"fields": {
			"model": [
				"auth",
				"user"
			],
			"query": "{\"profile__registration_valid\": false}",
			"type": "delete",
			"mask": 3,
			"field": "",
			"permanent": false,
			"description": "Supprimer une pré-inscription"
		}
	},
	{
		"model": "permission.permission",
		"pk": 58,
		"fields": {
			"model": [
				"member",
				"profile"
			],
			"query": "{\"registration_valid\": false}",
			"type": "delete",
			"mask": 3,
			"field": "",
			"permanent": false,
			"description": "Supprimer le profil d'une pré-inscription"
		}
	},
	{
		"model": "permission.permission",
		"pk": 59,
		"fields": {
			"model": [
				"note",
				"transactiontemplate"
			],
			"query": "{\"destination\": [\"club\", \"note\"]}",
			"type": "view",
			"mask": 2,
			"field": "",
			"permanent": false,
			"description": "Voir les boutons d'un club"
		}
	},
	{
		"model": "permission.permission",
		"pk": 60,
		"fields": {
			"model": [
				"note",
				"transactiontemplate"
			],
			"query": "{\"destination\": [\"club\", \"note\"]}",
			"type": "add",
			"mask": 3,
			"field": "",
			"permanent": false,
			"description": "Créer un bouton d'un club"
		}
	},
	{
		"model": "permission.permission",
		"pk": 61,
		"fields": {
			"model": [
				"note",
				"transactiontemplate"
			],
			"query": "{\"destination\": [\"club\", \"note\"]}",
			"type": "change",
			"mask": 2,
			"field": "",
			"permanent": false,
			"description": "Modifier le bouton d'un club"
		}
	},
	{
		"model": "permission.permission",
		"pk": 62,
		"fields": {
			"model": [
				"note",
				"transaction"
			],
			"query": "[\"OR\", {\"source\": [\"club\", \"note\"]}, {\"destination\": [\"club\", \"note\"]}]",
			"type": "view",
			"mask": 2,
			"field": "",
			"permanent": false,
			"description": "Voir les transactions d'un club"
		}
	},
	{
		"model": "permission.permission",
		"pk": 63,
		"fields": {
			"model": [
				"treasury",
				"invoice"
			],
			"query": "{}",
			"type": "view",
			"mask": 3,
			"field": "",
			"permanent": false,
			"description": "Voir les factures"
		}
	},
	{
		"model": "permission.permission",
		"pk": 64,
		"fields": {
			"model": [
				"treasury",
				"invoice"
			],
			"query": "{}",
			"type": "add",
			"mask": 3,
			"field": "",
			"permanent": false,
			"description": "Ajouter une facture"
		}
	},
	{
		"model": "permission.permission",
		"pk": 65,
		"fields": {
			"model": [
				"treasury",
				"invoice"
			],
			"query": "{}",
			"type": "change",
			"mask": 3,
			"field": "",
			"permanent": false,
			"description": "Modifier une facture"
		}
	},
	{
		"model": "permission.permission",
		"pk": 66,
		"fields": {
			"model": [
				"treasury",
				"product"
			],
			"query": "{}",
			"type": "view",
			"mask": 3,
			"field": "",
			"permanent": false,
			"description": "Voir les produits"
		}
	},
	{
		"model": "permission.permission",
		"pk": 67,
		"fields": {
			"model": [
				"treasury",
				"product"
			],
			"query": "{}",
			"type": "add",
			"mask": 3,
			"field": "",
			"permanent": false,
			"description": "Ajouter des produits"
		}
	},
	{
		"model": "permission.permission",
		"pk": 68,
		"fields": {
			"model": [
				"treasury",
				"product"
			],
			"query": "{}",
			"type": "change",
			"mask": 3,
			"field": "",
			"permanent": false,
			"description": "Modifier un produit"
		}
	},
	{
		"model": "permission.permission",
		"pk": 69,
		"fields": {
			"model": [
				"treasury",
				"product"
			],
			"query": "{}",
			"type": "delete",
			"mask": 3,
			"field": "",
			"permanent": false,
			"description": "Supprimer un produit"
		}
	},
	{
		"model": "permission.permission",
		"pk": 145,
		"fields": {
			"model": [
				"note",
				"noteclub"
			],
			"query": "{}",
			"type": "view",
			"mask": 1,
			"field": "",
			"permanent": false,
			"description": "Voir toutes les notes de club"
		}
	},
	{
		"model": "permission.permission",
		"pk": 146,
		"fields": {
			"model": [
				"member",
				"membership"
			],
			"query": "{}",
			"type": "view",
			"mask": 3,
			"field": "",
			"permanent": false,
			"description": "Voir tous les adhérents du club"
		}
	},
	{
		"model": "permission.permission",
		"pk": 147,
		"fields": {
			"model": [
				"member",
				"membership"
			],
			"query": "{}",
			"type": "add",
			"mask": 3,
			"field": "",
			"permanent": false,
			"description": "Ajouter un membre à n'importe quel club"
		}
	},
	{
		"model": "permission.permission",
		"pk": 148,
		"fields": {
			"model": [
				"activity",
				"activity"
			],
			"query": "{\"valid\": false}",
			"type": "change",
			"mask": 2,
			"field": "",
			"permanent": false,
			"description": "Modifier une activité non validée"
		}
	},
	{
		"model": "permission.permission",
		"pk": 149,
		"fields": {
			"model": [
				"activity",
				"activity"
			],
			"query": "{\"valid\": false}",
			"type": "delete",
			"mask": 2,
			"field": "",
			"permanent": false,
			"description": "Supprimer une activité non validée"
		}
	},
	{
		"model": "permission.permission",
		"pk": 150,
		"fields": {
			"model": [
				"note",
				"note"
			],
			"query": "{}",
			"type": "view",
			"mask": 2,
			"field": "",
			"permanent": false,
			"description": "Voir toutes les notes"
		}
	},
	{
		"model": "permission.permission",
		"pk": 151,
		"fields": {
			"model": [
				"treasury",
				"invoice"
			],
			"query": "{}",
			"type": "delete",
			"mask": 3,
			"field": "",
			"permanent": false,
			"description": "Supprimer une facture"
		}
	},
	{
		"model": "permission.permission",
		"pk": 152,
		"fields": {
			"model": [
				"activity",
				"activity"
			],
			"query": "[\"AND\", {\"valid\": false}, {\"creater\": [\"user\"]}]",
			"type": "change",
			"mask": 1,
			"field": "name",
			"permanent": false,
			"description": "Modifier le nom d'une activité non validée dont on est l'auteur"
		}
	},
	{
		"model": "permission.permission",
		"pk": 153,
		"fields": {
			"model": [
				"activity",
				"activity"
			],
			"query": "[\"AND\", {\"valid\": false}, {\"creater\": [\"user\"]}]",
			"type": "change",
			"mask": 1,
			"field": "description",
			"permanent": false,
			"description": "Modifier la description d'une activité non validée dont on est l'auteur"
		}
	},
	{
		"model": "permission.permission",
		"pk": 154,
		"fields": {
			"model": [
				"activity",
				"activity"
			],
			"query": "[\"AND\", {\"valid\": false}, {\"creater\": [\"user\"]}]",
			"type": "change",
			"mask": 1,
			"field": "location",
			"permanent": false,
			"description": "Modifier le lieu d'une activité non validée dont on est l'auteur"
		}
	},
	{
		"model": "permission.permission",
		"pk": 155,
		"fields": {
			"model": [
				"activity",
				"activity"
			],
			"query": "[\"AND\", {\"valid\": false}, {\"creater\": [\"user\"]}]",
			"type": "change",
			"mask": 1,
			"field": "activity_type",
			"permanent": false,
			"description": "Modifier le type d'une activité non validée dont on est l'auteur"
		}
	},
	{
		"model": "permission.permission",
		"pk": 156,
		"fields": {
			"model": [
				"activity",
				"activity"
			],
			"query": "[\"AND\", {\"valid\": false}, {\"creater\": [\"user\"]}]",
			"type": "change",
			"mask": 1,
			"field": "organizer",
			"permanent": false,
			"description": "Modifier l'organisateur d'une activité non validée dont on est l'auteur"
		}
	},
	{
		"model": "permission.permission",
		"pk": 157,
		"fields": {
			"model": [
				"activity",
				"activity"
			],
			"query": "[\"AND\", {\"valid\": false}, {\"creater\": [\"user\"]}]",
			"type": "change",
			"mask": 1,
			"field": "attendees_club",
			"permanent": false,
			"description": "Modifier le club attendu d'une activité non validée dont on est l'auteur"
		}
	},
	{
		"model": "permission.permission",
		"pk": 158,
		"fields": {
			"model": [
				"activity",
				"activity"
			],
			"query": "[\"AND\", {\"valid\": false}, {\"creater\": [\"user\"]}]",
			"type": "change",
			"mask": 1,
			"field": "date_start",
			"permanent": false,
			"description": "Modifier la date de début d'une activité non validée dont on est l'auteur"
		}
	},
	{
		"model": "permission.permission",
		"pk": 159,
		"fields": {
			"model": [
				"activity",
				"activity"
			],
			"query": "[\"AND\", {\"valid\": false}, {\"creater\": [\"user\"]}]",
			"type": "change",
			"mask": 1,
			"field": "date_end",
			"permanent": false,
			"description": "Modifier la date de fin d'une activité non validée dont on est l'auteur"
		}
	},
	{
		"model": "permission.permission",
		"pk": 160,
		"fields": {
			"model": [
				"activity",
				"guest"
			],
			"query": "{\"inviter\": [\"user\", \"note\"], \"entry\": null}",
			"type": "delete",
			"mask": 1,
			"field": "",
			"permanent": false,
			"description": "Supprimer ses propres invitations non validées à une activité"
		}
	},
	{
		"model": "permission.permission",
		"pk": 161,
		"fields": {
			"model": [
				"note",
				"noteuser"
			],
			"query": "[\"AND\", {\"user\": [\"user\"]}, [\"OR\", {\"inactivity_reason\": \"manual\"}, {\"is_active\": true}]]",
			"type": "change",
			"mask": 1,
			"field": "is_active",
			"permanent": true,
			"description": "(Dé)bloquer sa propre note manuellement"
		}
	},
	{
		"model": "permission.permission",
		"pk": 162,
		"fields": {
			"model": [
				"note",
				"noteuser"
			],
			"query": "[\"AND\", {\"user\": [\"user\"]}, [\"OR\", {\"inactivity_reason\": \"manual\"}, {\"is_active\": true}]]",
			"type": "change",
			"mask": 1,
			"field": "inactivity_reason",
			"permanent": true,
			"description": "(Dé)bloquer sa propre note et indiquer que cela a été fait manuellement"
		}
	},
	{
		"model": "permission.permission",
		"pk": 163,
		"fields": {
			"model": [
				"note",
				"note"
			],
			"query": "{}",
			"type": "change",
			"mask": 3,
			"field": "is_active",
			"permanent": false,
			"description": "(Dé)bloquer n'importe quelle note, y compris en mode forcé"
		}
	},
	{
		"model": "permission.permission",
		"pk": 164,
		"fields": {
			"model": [
				"note",
				"note"
			],
			"query": "{}",
			"type": "change",
			"mask": 3,
			"field": "inactivity_reason",
			"permanent": false,
			"description": "(Dé)bloquer sa propre note et modifier la raison"
		}
	},
	{
		"model": "permission.permission",
		"pk": 165,
		"fields": {
			"model": [
				"auth",
				"user"
			],
			"query": "{}",
			"type": "change",
			"mask": 1,
			"field": "password",
			"permanent": true,
			"description": "Changer son mot de passe"
		}
	},
	{
		"model": "permission.permission",
		"pk": 166,
		"fields": {
			"model": [
				"note",
				"transaction"
			],
			"query": "[\"OR\", {\"source__balance__gte\": {\"F\": [\"SUB\", [\"MUL\", [\"F\", \"amount\"], [\"F\", \"quantity\"]], 5000]}}, {\"valid\": false}]",
			"type": "add",
			"mask": 2,
			"field": "",
			"permanent": false,
			"description": "Créer une transaction quelconque tant que la source reste au-dessus de -50 €"
		}
	},
	{
		"model": "permission.permission",
		"pk": 167,
		"fields": {
			"model": [
				"note",
				"transaction"
			],
			"query": "[\"OR\", {\"source__balance__gte\": {\"F\": [\"SUB\", [\"MUL\", [\"F\", \"amount\"], [\"F\", \"quantity\"]], 5000]}, \"valid\": true}, {\"destination__balance__gte\": {\"F\": [\"SUB\", [\"MUL\", [\"F\", \"amount\"], [\"F\", \"quantity\"]], 5000]}, \"valid\": false}]",
			"type": "change",
			"mask": 2,
			"field": "valid",
			"permanent": false,
			"description": "Modifier le statut de validation d'une transaction si c'est possible"
		}
	},
	{
		"model": "permission.permission",
		"pk": 168,
		"fields": {
			"model": [
				"note",
				"transaction"
			],
			"query": "[\"OR\", {\"source__balance__gte\": {\"F\": [\"SUB\", [\"MUL\", [\"F\", \"amount\"], [\"F\", \"quantity\"]], 5000]}, \"valid\": true}, {\"destination__balance__gte\": {\"F\": [\"SUB\", [\"MUL\", [\"F\", \"amount\"], [\"F\", \"quantity\"]], 5000]}, \"valid\": false}]",
			"type": "change",
			"mask": 2,
			"field": "invalidity_reason",
			"permanent": false,
			"description": "Modifier la raison d'invalidité d'une transaction si c'est possible"
		}
	},
	{
		"model": "permission.permission",
		"pk": 169,
		"fields": {
			"model": [
				"note",
				"noteclub"
			],
			"query": "{\"club\": [\"club\"]}",
			"type": "change",
			"mask": 1,
			"field": "display_image",
			"permanent": false,
			"description": "Changer l'image de la note de son club"
		}
	},
	{
		"model": "permission.permission",
		"pk": 170,
		"fields": {
			"model": [
				"note",
				"alias"
			],
			"query": "{\"note__is_active\": true}",
			"type": "add",
			"mask": 1,
			"field": "",
			"permanent": false,
			"description": "Ajouter n'importe quel alias à une note non bloquée"
		}
	},
	{
		"model": "permission.permission",
		"pk": 171,
		"fields": {
			"model": [
				"note",
				"alias"
			],
			"query": "{\"note__is_active\": true}",
			"type": "delete",
			"mask": 3,
			"field": "",
			"permanent": false,
			"description": "Supprimer n'importe quel alias à une note non bloquée"
		}
	},
	{
		"model": "permission.permission",
		"pk": 172,
		"fields": {
			"model": [
				"treasury",
				"remittance"
			],
			"query": "{}",
			"type": "view",
			"mask": 3,
			"field": "",
			"permanent": false,
			"description": "Voir toutes les remises"
		}
	},
	{
		"model": "permission.permission",
		"pk": 173,
		"fields": {
			"model": [
				"treasury",
				"remittance"
			],
			"query": "{}",
			"type": "add",
			"mask": 3,
			"field": "",
			"permanent": false,
			"description": "Ajouter une remise"
		}
	},
	{
		"model": "permission.permission",
		"pk": 174,
		"fields": {
			"model": [
				"treasury",
				"remittance"
			],
			"query": "{}",
			"type": "change",
			"mask": 3,
			"field": "",
			"permanent": false,
			"description": "Modifier une remise"
		}
	},
	{
		"model": "permission.permission",
		"pk": 175,
		"fields": {
			"model": [
				"treasury",
				"remittance"
			],
			"query": "{}",
			"type": "delete",
			"mask": 3,
			"field": "",
			"permanent": false,
			"description": "Supprimer une remise"
		}
	},
	{
		"model": "permission.permission",
		"pk": 176,
		"fields": {
			"model": [
				"auth",
				"user"
			],
			"query": "{\"profile__registration_valid\": false}",
			"type": "change",
			"mask": 1,
			"field": "",
			"permanent": false,
			"description": "Modifier n'importe quel utilisateur non encore inscrit"
		}
	},
	{
		"model": "permission.permission",
		"pk": 177,
		"fields": {
			"model": [
				"member",
				"profile"
			],
			"query": "{\"registration_valid\": false}",
			"type": "change",
			"mask": 1,
			"field": "",
			"permanent": false,
			"description": "Modifier n'importe quel profil non encore inscrit"
		}
	},
	{
		"model": "permission.permission",
		"pk": 178,
		"fields": {
			"model": [
				"note",
				"alias"
			],
			"query": "{}",
			"type": "view",
			"mask": 3,
			"field": "",
			"permanent": false,
			"description": "Voir tous les alias, y compris ceux des non adhérents"
		}
	},
	{
		"model": "permission.permission",
		"pk": 179,
		"fields": {
			"model": [
				"note",
				"alias"
			],
			"query": "{\"note__noteuser__user\": [\"user\"]}",
			"type": "view",
			"mask": 1,
			"field": "",
			"permanent": true,
			"description": "Voir ses propres alias, pour toujours"
		}
	},
	{
		"model": "permission.permission",
		"pk": 180,
		"fields": {
			"model": [
				"auth",
				"user"
			],
			"query": "{\"profile__registration_valid\": false}",
			"type": "view",
			"mask": 2,
			"field": "",
			"permanent": false,
			"description": "Voir n'importe quel utilisateur non encore inscrit"
		}
	},
	{
		"model": "permission.permission",
		"pk": 181,
		"fields": {
			"model": [
				"member",
				"profile"
			],
			"query": "{\"registration_valid\": false}",
			"type": "view",
			"mask": 2,
			"field": "",
			"permanent": false,
			"description": "Voir n'importe quel profil non encore inscrit"
		}
	},
	{
		"model": "permission.permission",
		"pk": 182,
		"fields": {
			"model": [
				"auth",
				"user"
			],
			"query": "{\"memberships__club__name\": \"BDE\", \"memberships__roles__name\": \"Adhérent\", \"memberships__date_start__lte\": [\"today\"], \"memberships__date_end__gte\": [\"today\"]}",
			"type": "view",
			"mask": 2,
			"field": "",
			"permanent": false,
			"description": "Voir n'importe quel utilisateur qui est adhérent"
		}
	},
	{
		"model": "permission.permission",
		"pk": 183,
		"fields": {
			"model": [
				"note",
				"note"
			],
			"query": "{}",
			"type": "change",
			"mask": 1,
			"field": "display_image",
			"permanent": false,
			"description": "Changer l'image de n'importe quelle note"
		}
	},
	{
		"model": "permission.permission",
		"pk": 184,
		"fields": {
			"model": [
				"note",
				"noteclub"
			],
			"query": "[\"AND\", {\"club\": [\"club\"]}, [\"OR\", {\"inactivity_reason\": \"manual\"}, {\"is_active\": true}]]",
			"type": "change",
			"mask": 3,
			"field": "is_active",
			"permanent": true,
			"description": "(Dé)bloquer la note de son club manuellement"
		}
	},
	{
		"model": "permission.permission",
		"pk": 185,
		"fields": {
			"model": [
				"note",
				"noteclub"
			],
			"query": "[\"AND\", {\"club\": [\"club\"]}, [\"OR\", {\"inactivity_reason\": \"manual\"}, {\"is_active\": true}]]",
			"type": "change",
			"mask": 3,
			"field": "inactivity_reason",
			"permanent": true,
			"description": "(Dé)bloquer la note de son club et indiquer que cela a été fait manuellement"
		}
	},
	{
		"model": "permission.permission",
		"pk": 186,
		"fields": {
			"model": [
				"oauth2_provider",
				"application"
			],
			"query": "{\"user\": [\"user\"]}",
			"type": "view",
			"mask": 1,
			"field": "",
			"permanent": true,
			"description": "Voir ses applications OAuth2"
		}
	},
	{
		"model": "permission.permission",
		"pk": 187,
		"fields": {
			"model": [
				"oauth2_provider",
				"application"
			],
			"query": "{\"user\": [\"user\"]}",
			"type": "create",
			"mask": 1,
			"field": "",
			"permanent": true,
			"description": "Créer une application OAuth2"
		}
	},
	{
		"model": "permission.permission",
		"pk": 188,
		"fields": {
			"model": [
				"oauth2_provider",
				"application"
			],
			"query": "{\"user\": [\"user\"]}",
			"type": "change",
			"mask": 1,
			"field": "",
			"permanent": true,
			"description": "Modifier une application OAuth2"
		}
	},
	{
		"model": "permission.permission",
		"pk": 189,
		"fields": {
			"model": [
				"oauth2_provider",
				"application"
			],
			"query": "{\"user\": [\"user\"]}",
			"type": "delete",
			"mask": 1,
			"field": "",
			"permanent": true,
			"description": "Supprimer une application OAuth2"
		}
	},
	{
		"model": "permission.permission",
		"pk": 190,
		"fields": {
			"model": [
				"note",
				"trust"
			],
			"query": "{\"trusting\": [\"user\", \"note\"]}",
			"type": "delete",
			"mask": 1,
			"field": "",
			"permanent": false,
			"description": "Supprimer une amitié à sa note"
		}
	},
	{
		"model": "permission.permission",
		"pk": 191,
		"fields": {
			"model": [
				"note",
				"trust"
			],
			"query": "{\"trusting\": [\"user\", \"note\"]}",
			"type": "add",
			"mask": 1,
			"field": "",
			"permanent": false,
			"description": "Ajouter une amitié à sa note"
		}
	},
	{
		"model": "permission.permission",
		"pk": 192,
		"fields": {
			"model": [
				"note",
				"trust"
			],
			"query": "{\"trusting__is_active\": true}",
			"type": "add",
			"mask": 1,
			"field": "",
			"permanent": false,
			"description": "Ajouter une amitié à une note non bloquée"
		}
	},
	{
		"model": "permission.permission",
		"pk": 193,
		"fields": {
			"model": [
				"note",
				"trust"
			],
			"query": "{\"trusting__is_active\": true}",
			"type": "delete",
			"mask": 3,
			"field": "",
			"permanent": false,
			"description": "Supprimer une amitié à une note non bloquée"
		}
	},
	{
		"model": "permission.permission",
		"pk": 194,
		"fields": {
			"model": [
				"note",
				"trust"
			],
			"query": "{}",
			"type": "view",
			"mask": 3,
			"field": "",
			"permanent": false,
			"description": "Voir toutes les amitiés, y compris celles des non adhérents"
		}
	},
	{
		"model": "permission.permission",
		"pk": 195,
		"fields": {
			"model": [
				"note",
				"trust"
			],
			"query": "{\"trusting__noteuser__user\": [\"user\"]}",
			"type": "view",
			"mask": 1,
			"field": "",
			"permanent": true,
			"description": "Voir ses propres amitiés, pour toujours"
		}
	},
	{
		"model": "permission.permission",
		"pk": 196,
		"fields": {
			"model": [
				"note",
				"transaction"
			],
			"query": "[\"AND\", {\"source__trusting__trusted\": [\"user\", \"note\"]}, [\"OR\", {\"source__balance__gte\": {\"F\": [\"MUL\", [\"F\", \"amount\"], [\"F\", \"quantity\"]]}}, {\"valid\": false}]]",
			"type": "add",
			"mask": 1,
			"field": "",
			"permanent": false,
			"description": "Transférer de l'argent depuis une note amie en restant positif"
		}
	},
	{
		"model": "permission.role",
		"pk": 1,
		"fields": {
			"for_club": null,
			"name": "Adh\u00e9rent",
			"permissions": [
				1,
				2,
				3,
				4,
				5,
				6,
				7,
				8,
				9,
				10,
				11,
				12,
				13,
				14,
				15,
				16,
				17,
				22,
				48,
				52,
				161,
				162,
				165,
				186,
				187,
				188,
				189,
                190,
                191,
                195,
                196
			]
		}
	},
	{
		"model": "permission.role",
		"pk": 2,
		"fields": {
			"for_club": null,
			"name": "Pr\u00e9sident\u00b7e",
			"permissions": [
				50,
				59,
				60,
				61,
				62,
				169
			]
		}
	},
	{
		"model": "permission.role",
		"pk": 3,
		"fields": {
			"for_club": null,
			"name": "Tr\u00e9sorier\u00b7\u00e8re",
			"permissions": [
				19,
				20,
				21,
				27,
				59,
				60,
				61,
				62,
				63,
				64,
				65,
				66,
				67,
				68,
				69,
				151,
				166,
				167,
				168,
				172,
				173,
				174,
				175,
				182,
				184,
				185
			]
		}
	},
	{
		"model": "permission.role",
		"pk": 4,
		"fields": {
			"for_club": null,
			"name": "Secr\u00e9taire",
			"permissions": [
				21,
				54,
				55,
				56,
				57,
				58,
				59,
				60,
				61,
				145,
				146,
				147,
				176,
				177
			]
		}
	},
	{
		"model": "permission.role",
		"pk": 5,
		"fields": {
			"for_club": null,
			"name": "Respo info",
			"permissions": [
				1,
				2,
				3,
				4,
				5,
				6,
				7,
				8,
				9,
				10,
				11,
				12,
				13,
				14,
				15,
				16,
				17,
				19,
				20,
				21,
				22,
				23,
				24,
				25,
				26,
				27,
				28,
				29,
				30,
				31,
				32,
				33,
				34,
				36,
				37,
				38,
				39,
				40,
				41,
				42,
				43,
				44,
				45,
				46,
				47,
				48,
				49,
				50,
				51,
				52,
				53,
				54,
				55,
				56,
				57,
				58,
				59,
				60,
				61,
				62,
				63,
				64,
				65,
				66,
				67,
				68,
				69,
				145,
				146,
				147,
				148,
				149,
				150,
				151,
				152,
				153,
				154,
				155,
				156,
				157,
				158,
				159,
				160,
				161,
				162,
				163,
				164,
				165,
				166,
				167,
				168,
				169,
				170,
				171,
				172,
				173,
				174,
				175,
				176,
				177,
				178,
				179,
				180,
				181,
				182,
				183,
				184,
				185,
				186,
				187,
				188,
				189,
                190,
                191,
                192,
                193,
                194,
                195,
                196
			]
		}
	}
]
