[
  {
    "model": "member.role",
    "pk": 1,
    "fields": {
      "name": "Adh\u00e9rent BDE"
    }
  },
  {
    "model": "member.role",
    "pk": 2,
    "fields": {
      "name": "Adh\u00e9rent Kfet"
    }
  },
  {
    "model": "member.role",
    "pk": 3,
    "fields": {
      "name": "Membre de club"
    }
  },
  {
    "model": "member.role",
    "pk": 4,
    "fields": {
      "name": "Bureau de club"
    }
  },
  {
    "model": "member.role",
    "pk": 5,
    "fields": {
      "name": "Pr\u00e9sident\u00b7e de club"
    }
  },
  {
    "model": "member.role",
    "pk": 6,
    "fields": {
      "name": "Tr\u00e9sorier\u00b7\u00e8re de club"
    }
  },
  {
    "model": "member.role",
    "pk": 7,
    "fields": {
      "name": "Pr\u00e9sident\u00b7e BDE"
    }
  },
  {
    "model": "member.role",
    "pk": 8,
    "fields": {
      "name": "Tr\u00e9sorier\u00b7\u00e8re BDE"
    }
  },
  {
    "model": "member.role",
    "pk": 9,
    "fields": {
      "name": "Respo info"
    }
  },
  {
    "model": "member.role",
    "pk": 10,
    "fields": {
      "name": "GC Kfet"
    }
  },
  {
    "model": "member.role",
    "pk": 11,
    "fields": {
      "name": "Res[pot]"
    }
  },
  {
    "model": "permission.permissionmask",
    "pk": 1,
    "fields": {
      "rank": 0,
      "description": "Droits basiques"
    }
  },
  {
    "model": "permission.permissionmask",
    "pk": 2,
    "fields": {
      "rank": 1,
      "description": "Droits note seulement"
    }
  },
  {
    "model": "permission.permissionmask",
    "pk": 3,
    "fields": {
      "rank": 42,
      "description": "Tous mes droits"
    }
  },
  {
    "model": "permission.permission",
    "pk": 1,
    "fields": {
      "model": 4,
      "query": "{\"pk\": [\"user\", \"pk\"]}",
      "type": "view",
      "mask": 1,
      "field": "",
      "description": "View our User object"
    }
  },
  {
    "model": "permission.permission",
    "pk": 2,
    "fields": {
      "model": 17,
      "query": "{\"user\": [\"user\"]}",
      "type": "view",
      "mask": 1,
      "field": "",
      "description": "View our profile"
    }
  },
  {
    "model": "permission.permission",
    "pk": 3,
    "fields": {
      "model": 27,
      "query": "{\"pk\": [\"user\", \"note\", \"pk\"]}",
      "type": "view",
      "mask": 1,
      "field": "",
      "description": "View our own note"
    }
  },
  {
    "model": "permission.permission",
    "pk": 4,
    "fields": {
      "model": 8,
      "query": "{\"user\": [\"user\"]}",
      "type": "view",
      "mask": 1,
      "field": "",
      "description": "View our API token"
    }
  },
  {
    "model": "permission.permission",
    "pk": 5,
    "fields": {
      "model": 22,
      "query": "[\"OR\", {\"source\": [\"user\", \"note\"]}, {\"destination\": [\"user\", \"note\"]}]",
      "type": "view",
      "mask": 1,
      "field": "",
      "description": "View our own transactions"
    }
  },
  {
    "model": "permission.permission",
    "pk": 6,
    "fields": {
      "model": 19,
      "query": "[\"OR\", {\"note__in\": [\"NoteUser\", \"objects\", [\"filter\", {\"user__membership__club__name\": \"Kfet\"}], [\"all\"]]}, {\"note__in\": [\"NoteClub\", \"objects\", [\"all\"]]}]",
      "type": "view",
      "mask": 1,
      "field": "",
      "description": "View aliases of clubs and members of Kfet club"
    }
  },
  {
    "model": "permission.permission",
    "pk": 7,
    "fields": {
      "model": 4,
      "query": "{\"pk\": [\"user\", \"pk\"]}",
      "type": "change",
      "mask": 1,
      "field": "last_login",
      "description": "Change myself's last login"
    }
  },
  {
    "model": "permission.permission",
    "pk": 8,
    "fields": {
      "model": 4,
      "query": "{\"pk\": [\"user\", \"pk\"]}",
      "type": "change",
      "mask": 1,
      "field": "username",
      "description": "Change myself's username"
    }
  },
  {
    "model": "permission.permission",
    "pk": 9,
    "fields": {
      "model": 4,
      "query": "{\"pk\": [\"user\", \"pk\"]}",
      "type": "change",
      "mask": 1,
      "field": "first_name",
      "description": "Change myself's first name"
    }
  },
  {
    "model": "permission.permission",
    "pk": 10,
    "fields": {
      "model": 4,
      "query": "{\"pk\": [\"user\", \"pk\"]}",
      "type": "change",
      "mask": 1,
      "field": "last_name",
      "description": "Change myself's last name"
    }
  },
  {
    "model": "permission.permission",
    "pk": 11,
    "fields": {
      "model": 4,
      "query": "{\"pk\": [\"user\", \"pk\"]}",
      "type": "change",
      "mask": 1,
      "field": "email",
      "description": "Change myself's email"
    }
  },
  {
    "model": "permission.permission",
    "pk": 12,
    "fields": {
      "model": 8,
      "query": "{\"user\": [\"user\"]}",
      "type": "delete",
      "mask": 1,
      "field": "",
      "description": "Delete API Token"
    }
  },
  {
    "model": "permission.permission",
    "pk": 13,
    "fields": {
      "model": 8,
      "query": "{\"user\": [\"user\"]}",
      "type": "add",
      "mask": 1,
      "field": "",
      "description": "Create API Token"
    }
  },
  {
    "model": "permission.permission",
    "pk": 14,
    "fields": {
      "model": 19,
      "query": "{\"note\": [\"user\", \"note\"]}",
      "type": "delete",
      "mask": 1,
      "field": "",
      "description": "Remove alias"
    }
  },
  {
    "model": "permission.permission",
    "pk": 15,
    "fields": {
      "model": 19,
      "query": "{\"note\": [\"user\", \"note\"]}",
      "type": "add",
      "mask": 1,
      "field": "",
      "description": "Add alias"
    }
  },
  {
    "model": "permission.permission",
    "pk": 16,
    "fields": {
      "model": 27,
      "query": "{\"pk\": [\"user\", \"note\", \"pk\"]}",
      "type": "change",
      "mask": 1,
      "field": "display_image",
      "description": "Change myself's display image"
    }
  },
  {
    "model": "permission.permission",
    "pk": 17,
    "fields": {
      "model": 22,
      "query": "[\"AND\", {\"source\": [\"user\", \"note\"]}, [\"OR\", {\"amount__lte\": [\"user\", \"note\", \"balance\"]}, {\"valid\": false}]]",
      "type": "add",
      "mask": 1,
      "field": "",
      "description": "Transfer from myself's note"
    }
  },
  {
    "model": "permission.permission",
    "pk": 18,
    "fields": {
      "model": 20,
      "query": "{}",
      "type": "change",
      "mask": 1,
      "field": "balance",
      "description": "Update a note balance with a transaction"
    }
  },
  {
    "model": "permission.permission",
    "pk": 19,
    "fields": {
      "model": 20,
      "query": "[\"OR\", {\"pk\": [\"club\", \"note\", \"pk\"]}, {\"pk__in\": [\"NoteUser\", \"objects\", [\"filter\", {\"user__membership__club\": [\"club\"]}], [\"all\"]]}]",
      "type": "view",
      "mask": 2,
      "field": "",
      "description": "View notes of club members"
    }
  },
  {
    "model": "permission.permission",
    "pk": 20,
    "fields": {
      "model": 22,
      "query": "[\"AND\", [\"OR\", {\"source\": [\"club\", \"note\"]}, {\"destination\": [\"club\", \"note\"]}], [\"OR\", {\"amount__lte\": {\"F\": [\"ADD\", [\"F\", \"source__balance\"], 5000]}}, {\"valid\": false}]]",
      "type": "add",
      "mask": 2,
      "field": "",
      "description": "Create transactions with a club"
    }
  },
  {
    "model": "permission.permission",
    "pk": 21,
    "fields": {
      "model": 28,
      "query": "[\"AND\", {\"destination\": [\"club\", \"note\"]}, [\"OR\", {\"amount__lte\": {\"F\": [\"ADD\", [\"F\", \"source__balance\"], 5000]}}, {\"valid\": false}]]",
      "type": "add",
      "mask": 2,
      "field": "",
      "description": "Create transactions from buttons with a club"
    }
  },
  {
    "model": "permission.permission",
    "pk": 22,
    "fields": {
      "model": 15,
      "query": "{\"pk\": [\"club\", \"pk\"]}",
      "type": "view",
      "mask": 1,
      "field": "",
      "description": "View club infos"
    }
  },
  {
    "model": "permission.permission",
    "pk": 23,
    "fields": {
      "model": 22,
      "query": "{}",
      "type": "change",
      "mask": 1,
      "field": "valid",
      "description": "Update validation status of a transaction"
    }
  },
  {
    "model": "permission.permission",
    "pk": 24,
    "fields": {
      "model": 22,
      "query": "{}",
      "type": "view",
      "mask": 2,
      "field": "",
      "description": "View all transactions"
    }
  },
  {
    "model": "permission.permission",
    "pk": 25,
    "fields": {
      "model": 26,
      "query": "{}",
      "type": "view",
      "mask": 2,
      "field": "",
      "description": "Display credit/debit interface"
    }
  },
  {
    "model": "permission.permission",
    "pk": 26,
    "fields": {
      "model": 29,
      "query": "{}",
      "type": "add",
      "mask": 2,
      "field": "",
      "description": "Create credit/debit transaction"
    }
  },
  {
    "model": "permission.permission",
    "pk": 27,
    "fields": {
      "model": 21,
      "query": "{}",
      "type": "view",
      "mask": 2,
      "field": "",
      "description": "View button categories"
    }
  },
  {
    "model": "permission.permission",
    "pk": 28,
    "fields": {
      "model": 21,
      "query": "{}",
      "type": "change",
      "mask": 3,
      "field": "",
      "description": "Change button category"
    }
  },
  {
    "model": "permission.permission",
    "pk": 29,
    "fields": {
      "model": 21,
      "query": "{}",
      "type": "add",
      "mask": 3,
      "field": "",
      "description": "Add button category"
    }
  },
  {
    "model": "permission.permission",
    "pk": 30,
    "fields": {
      "model": 23,
      "query": "{}",
      "type": "view",
      "mask": 2,
      "field": "",
      "description": "View buttons"
    }
  },
  {
    "model": "permission.permission",
    "pk": 31,
    "fields": {
      "model": 23,
      "query": "{}",
      "type": "add",
      "mask": 3,
      "field": "",
      "description": "Add buttons"
    }
  },
  {
    "model": "permission.permission",
    "pk": 32,
    "fields": {
      "model": 23,
      "query": "{}",
      "type": "change",
      "mask": 3,
      "field": "",
      "description": "Update buttons"
    }
  },
  {
    "model": "permission.permission",
    "pk": 33,
    "fields": {
      "model": 22,
      "query": "{}",
      "type": "add",
      "mask": 2,
      "field": "",
      "description": "Create any transaction"
    }
  },
  {
    "model": "permission.permission",
    "pk": 34,
    "fields": {
      "model": 9,
      "query": "[\"OR\", {\"valid\": true}, {\"creater\": [\"user\"]}]",
      "type": "view",
      "mask": 1,
      "field": "",
      "description": "View valid activites"
    }
  },
  {
    "model": "permission.permission",
    "pk": 35,
    "fields": {
      "model": 9,
      "query": "[\"AND\", {\"valid\": false}, {\"creater\": [\"user\"]}]",
      "type": "change",
      "mask": 1,
      "field": "",
      "description": "Change our activities"
    }
  },
  {
    "model": "permission.permission",
    "pk": 36,
    "fields": {
      "model": 9,
      "query": "{\"creater\": [\"user\"], \"valid\": false}",
      "type": "add",
      "mask": 1,
      "field": "",
      "description": "Add activities"
    }
  },
  {
    "model": "permission.permission",
    "pk": 37,
    "fields": {
      "model": 9,
      "query": "{}",
      "type": "change",
      "mask": 2,
      "field": "valid",
      "description": "Validate activities"
    }
  },
  {
    "model": "permission.permission",
    "pk": 38,
    "fields": {
      "model": 9,
      "query": "{}",
      "type": "change",
      "mask": 2,
      "field": "open",
      "description": "Open activities"
    }
  },
  {
    "model": "permission.permission",
    "pk": 39,
    "fields": {
      "model": 12,
      "query": "{\"inviter\": [\"user\", \"note\"], \"activity__activity_type__can_invite\": true}",
      "type": "add",
      "mask": 1,
      "field": "",
      "description": "Invite people to activities"
    }
  },
  {
    "model": "permission.permission",
    "pk": 40,
    "fields": {
      "model": 12,
      "query": "{\"inviter\": [\"user\", \"note\"]}",
      "type": "view",
      "mask": 1,
      "field": "",
      "description": "View invited people"
    }
  },
  {
    "model": "permission.permission",
    "pk": 41,
    "fields": {
      "model": 9,
      "query": "{}",
      "type": "view",
      "mask": 2,
      "field": "",
      "description": "View all activities"
    }
  },
  {
    "model": "permission.permission",
    "pk": 42,
    "fields": {
      "model": 12,
      "query": "{}",
      "type": "view",
      "mask": 2,
      "field": "",
      "description": "View all invited people"
    }
  },
  {
    "model": "permission.permission",
    "pk": 43,
    "fields": {
      "model": 11,
      "query": "{}",
      "type": "add",
      "mask": 2,
      "field": "",
      "description": "Manage entries"
    }
  },
  {
    "model": "permission.permission",
    "pk": 44,
    "fields": {
      "model": 13,
      "query": "{}",
      "type": "add",
      "mask": 2,
      "field": "",
      "description": "Add invitation transactions"
    }
  },
  {
    "model": "permission.permission",
    "pk": 45,
    "fields": {
      "model": 13,
      "query": "{}",
      "type": "view",
      "mask": 1,
      "field": "",
      "description": "View invitation transactions"
    }
  },
  {
    "model": "permission.permission",
    "pk": 46,
    "fields": {
      "model": 13,
      "query": "{}",
      "type": "change",
      "mask": 2,
      "field": "valid",
      "description": "Validate invitation transactions"
    }
  },
  {
    "model": "permission.permission",
    "pk": 47,
    "fields": {
      "model": 15,
      "query": "{\"pk\": [\"club\", \"pk\"]}",
      "type": "change",
      "mask": 1,
      "field": "",
      "description": "Update club"
    }
  },
  {
    "model": "permission.permission",
    "pk": 48,
    "fields": {
      "model": 16,
      "query": "{\"user\": [\"user\"]}",
      "type": "view",
      "mask": 1,
      "field": "",
      "description": "View our memberships"
    }
  },
  {
    "model": "permission.permission",
    "pk": 49,
    "fields": {
      "model": 16,
      "query": "{\"club\": [\"club\"]}",
      "type": "view",
      "mask": 1,
      "field": "",
      "description": "View club's memberships"
    }
  },
  {
    "model": "permission.permission",
    "pk": 50,
    "fields": {
      "model": 16,
      "query": "{\"club\": [\"club\"]}",
      "type": "add",
      "mask": 2,
      "field": "",
      "description": "Add a membership to a club"
    }
  },
  {
    "model": "permission.permission",
    "pk": 51,
    "fields": {
      "model": 16,
      "query": "{\"club\": [\"club\"]}",
      "type": "change",
      "mask": 2,
      "field": "roles",
      "description": "Update user roles"
    }
  },
  {
    "model": "permission.permission",
    "pk": 52,
    "fields": {
      "model": 17,
      "query": "{\"user\": [\"user\"]}",
      "type": "change",
      "mask": 1,
      "field": "",
      "description": "Change own profile"
    }
  },
  {
    "model": "permission.permission",
    "pk": 53,
    "fields": {
      "model": 17,
      "query": "{}",
      "type": "change",
      "mask": 2,
      "field": "",
      "description": "Change any profile"
    }
  },
  {
    "model": "permission.permission",
    "pk": 54,
    "fields": {
      "model": 4,
      "query": "{}",
      "type": "change",
      "mask": 2,
      "field": "",
      "description": "Change any user"
    }
  },
  {
    "model": "permission.permission",
    "pk": 55,
    "fields": {
      "model": 4,
      "query": "{}",
      "type": "add",
      "mask": 1,
      "field": "",
      "description": "Add user"
    }
  },
  {
    "model": "permission.permission",
    "pk": 56,
    "fields": {
      "model": 17,
      "query": "{\"email_confirmed\": false, \"registration_valid\": false}",
      "type": "add",
      "mask": 1,
      "field": "",
      "description": "Add profile"
    }
  },
  {
    "model": "permission.permission",
    "pk": 57,
    "fields": {
      "model": 4,
      "query": "{\"profile__registration_valid\": false}",
      "type": "delete",
      "mask": 2,
      "field": "",
      "description": "Delete pre-registered user"
    }
  },
  {
    "model": "permission.permission",
    "pk": 58,
    "fields": {
      "model": 17,
      "query": "{\"registration_valid\": false}",
      "type": "delete",
      "mask": 2,
      "field": "",
      "description": "Delete pre-registered user profile"
    }
  },
  {
    "model": "permission.permission",
    "pk": 59,
    "fields": {
      "model": 23,
      "query": "{\"destination\": [\"club\", \"note\"]}",
      "type": "view",
      "mask": 2,
      "field": "",
      "description": "New club button"
    }
  },
  {
    "model": "permission.permission",
    "pk": 60,
    "fields": {
      "model": 23,
      "query": "{\"destination\": [\"club\", \"note\"]}",
      "type": "add",
      "mask": 2,
      "field": "",
      "description": "Create club button"
    }
  },
  {
    "model": "permission.permission",
    "pk": 61,
    "fields": {
      "model": 23,
      "query": "{\"destination\": [\"club\", \"note\"]}",
      "type": "change",
      "mask": 2,
      "field": "",
      "description": "Update club button"
    }
  },
  {
    "model": "permission.permission",
    "pk": 62,
    "fields": {
      "model": 22,
      "query": "[\"OR\", {\"source\": [\"club\", \"note\"]}, {\"destination\": [\"club\", \"note\"]}]",
      "type": "view",
      "mask": 1,
      "field": "",
      "description": "View transactions of a club"
    }
  },
  {
    "model": "permission.permission",
    "pk": 63,
    "fields": {
      "model": 33,
      "query": "{}",
      "type": "view",
      "mask": 3,
      "field": "",
      "description": "View invoices"
    }
  },
  {
    "model": "permission.permission",
    "pk": 64,
    "fields": {
      "model": 33,
      "query": "{}",
      "type": "add",
      "mask": 3,
      "field": "",
      "description": "Add invoice"
    }
  },
  {
    "model": "permission.permission",
    "pk": 65,
    "fields": {
      "model": 33,
      "query": "{}",
      "type": "change",
      "mask": 3,
      "field": "",
      "description": "Change invoice"
    }
  },
  {
    "model": "permission.permission",
    "pk": 66,
    "fields": {
      "model": 34,
      "query": "{}",
      "type": "view",
      "mask": 3,
      "field": "",
      "description": "View products"
    }
  },
  {
    "model": "permission.permission",
    "pk": 67,
    "fields": {
      "model": 34,
      "query": "{}",
      "type": "add",
      "mask": 3,
      "field": "",
      "description": "Add products"
    }
  },
  {
    "model": "permission.permission",
    "pk": 68,
    "fields": {
      "model": 34,
      "query": "{}",
      "type": "change",
      "mask": 3,
      "field": "",
      "description": "Change product"
    }
  },
  {
    "model": "permission.permission",
    "pk": 69,
    "fields": {
      "model": 34,
      "query": "{}",
      "type": "delete",
      "mask": 3,
      "field": "",
      "description": "Delete product"
    }
  },
  {
    "model": "permission.rolepermissions",
    "pk": 1,
    "fields": {
      "role": 1,
      "permissions": [
        1,
        2,
        3,
        4,
        5,
        7,
        8,
        9,
        10,
        11,
        12,
        13,
        48,
        52
      ]
    }
  },
  {
    "model": "permission.rolepermissions",
    "pk": 2,
    "fields": {
      "role": 2,
      "permissions": [
        6,
        14,
        15,
        16,
        17,
        18,
        34,
        35,
        36,
        39,
        40
      ]
    }
  },
  {
    "model": "permission.rolepermissions",
    "pk": 4,
    "fields": {
      "role": 4,
      "permissions": [
        22,
        47,
        49
      ]
    }
  },
  {
    "model": "permission.rolepermissions",
    "pk": 5,
    "fields": {
      "role": 5,
      "permissions": [
        50,
        51,
        62
      ]
    }
  },
  {
    "model": "permission.rolepermissions",
    "pk": 6,
    "fields": {
      "role": 6,
      "permissions": [
        19,
        21,
        27,
        59,
        60,
        61,
        20,
        62
      ]
    }
  },
  {
    "model": "permission.rolepermissions",
    "pk": 7,
    "fields": {
      "role": 7,
      "permissions": [
        33,
        24,
        25,
        26,
        27
      ]
    }
  },
  {
    "model": "permission.rolepermissions",
    "pk": 8,
    "fields": {
      "role": 8,
      "permissions": [
        32,
        33,
        56,
        58,
        55,
        57,
        53,
        54,
        23,
        24,
        25,
        26,
        27,
        28,
        29,
        30,
        31,
        64,
        65,
        66,
        67,
        68,
        69,
        63
      ]
    }
  },
  {
    "model": "permission.rolepermissions",
    "pk": 9,
    "fields": {
      "role": 9,
      "permissions": [
        1,
        2,
        3,
        4,
        5,
        6,
        7,
        8,
        9,
        10,
        11,
        12,
        13,
        14,
        15,
        16,
        17,
        18,
        19,
        21,
        22,
        23,
        24,
        25,
        26,
        27,
        28,
        29,
        30,
        31,
        32,
        33,
        34,
        35,
        36,
        37,
        38,
        39,
        40,
        41,
        42,
        43,
        44,
        45,
        46,
        47,
        48,
        49,
        50,
        51,
        52,
        53,
        54,
        55,
        56,
        57,
        58,
        59,
        60,
        61,
        20,
        62,
        63,
        64,
        65,
        66,
        67,
        68,
        69
      ]
    }
  },
  {
    "model": "permission.rolepermissions",
    "pk": 10,
    "fields": {
      "role": 10,
      "permissions": [
        23,
        24,
        25,
        26,
        27,
        28,
        29,
        30,
        31,
        32,
        33,
        52,
        53,
        54,
        55,
        56,
        57,
        58
      ]
    }
  },
  {
    "model": "permission.rolepermissions",
    "pk": 11,
    "fields": {
      "role": 11,
      "permissions": [
        37,
        38,
        41,
        42,
        43,
        44,
        45,
        46
      ]
    }
  }
]
